{
  "Aix-Marseille": [
    43.3055875,
    5.3786102
  ],
  "Erfurt": [
    50.9777974,
    11.0287364
  ],
  "Barcelona": [
    41.3825802,
    2.177073
  ],
  "Stuttgart": [
    48.7784485,
    9.1800132
  ],
  "Venice": [
    45.4371908,
    12.3345898
  ],
  "Nuremberg": [
    49.453872,
    11.077298
  ],
  "Heidelberg": [
    49.4093582,
    8.694724
  ],
  "Bordeaux": [
    44.841225,
    -0.5800364
  ],
  "Bremen": [
    53.0758196,
    8.8071646
  ],
  "Kiel": [
    54.3227085,
    10.135555
  ],
  "Bielefeld": [
    52.0191005,
    8.531007
  ],
  "Hamburg": [
    53.550341,
    10.000654
  ],
  "Stockholm": [
    59.3251172,
    18.0710935
  ],
  "Cologne-Bonn": [
    50.8677817,
    7.138961
  ],
  "Nantes": [
    47.2186371,
    -1.5541362
  ],
  "Cologne-Dusseldorf": [
    50.8964617,
    6.9512346
  ],
  "Constance (Aach)": [
    47.8106317,
    9.2442945
  ],
  "Madrid": [
    40.4167047,
    -3.7035825
  ],
  "Toulouse": [
    43.6044622,
    1.4442469
  ],
  "Strasbourg": [
    48.584614,
    7.7507127
  ],
  "Frankfurt": [
    50.1106444,
    8.6820917
  ],
  "Lille": [
    50.6365654,
    3.0635282
  ],
  "Malmo": [
    55.6052931,
    13.0001566
  ],
  "Gothenburg": [
    57.7072326,
    11.9670171
  ],
  "Hanover": [
    52.3744779,
    9.7385532
  ],
  "Kassel": [
    51.3157833,
    9.4978479
  ],
  "Leipzig": [
    51.3406321,
    12.3747329
  ],
  "Lyon": [
    45.7578137,
    4.8320114
  ],
  "Aachen": [
    50.776351,
    6.083862
  ],
  "Mainz": [
    49.9995205,
    8.2736253
  ],
  "Munich": [
    48.1371079,
    11.5753822
  ],
  "Malaga": [
    36.7213028,
    -4.4216366
  ],
  "Bochum": [
    51.4818111,
    7.2196635
  ],
  "Trier": [
    49.7596208,
    6.6441878
  ],
  "Dresden": [
    51.0493286,
    13.7381437
  ],
  "Berlin": [
    52.510885,
    13.3989367
  ],
  "Paris Airport CDG": [
    49.0068908,
    2.571082
  ],
  "Seville": [
    37.3886303,
    -5.9953403
  ],
  "Florence": [
    43.7697955,
    11.2556404
  ],
  "Bilbao": [
    43.2630018,
    -2.9350039
  ],
  "Brussels": [
    50.8465573,
    4.351697
  ],
  "Rome": [
    41.8933203,
    12.4829321
  ],
  "Los Angeles": [
    34.0536909,
    -118.242766
  ],
  "Seattle": [
    47.6038321,
    -122.330062
  ],
  "Antwerp": [
    51.2211097,
    4.3997081
  ],
  "Duisburg": [
    51.434999,
    6.759562
  ],
  "Bergamo": [
    45.7566557,
    9.7542192
  ],
  "Innsbruck": [
    47.2654296,
    11.3927685
  ],
  "Salzburg": [
    47.7981346,
    13.0464806
  ],
  "Vienna": [
    48.2083537,
    16.3725042
  ],
  "Turin": [
    45.0677551,
    7.6824892
  ],
  "Valencia": [
    39.4697065,
    -0.3763353
  ],
  "Vienna South": [
    39.9270046,
    -83.6124236
  ],
  "Karlsruhe": [
    49.0068705,
    8.4034195
  ],
  "Milan": [
    45.4641943,
    9.1896346
  ],
  "Rotterdam": [
    51.9244424,
    4.47775
  ],
  "Vancouver": [
    49.2608724,
    -123.113952
  ],
  "Calgary": [
    51.0456064,
    -114.057541
  ],
  "Graz": [
    47.0708678,
    15.4382786
  ],
  "San Francisco": [
    37.7792588,
    -122.4193286
  ],
  "Berlin ": [
    52.510885,
    13.3989367
  ],
  "Lübeck": [
    53.866444,
    10.684738
  ],
  "Paris": [
    48.8588897,
    2.320041
  ],
  "Constance": [
    47.659216,
    9.1750718
  ],
  "Sevilla": [
    37.3886303,
    -5.9953403
  ],
  "Hannover": [
    52.3744779,
    9.7385532
  ],
  "Las Vegas": [
    36.171697,
    -115.1463536
  ],
  "Denver": [
    39.7392364,
    -104.984862
  ],
  "Amsterdam": [
    52.3730796,
    4.8924534
  ],
  "Geneva-Pays de Gex": [
    46.2056137,
    6.2563871
  ],
  "Berlin-Schönefeld": [
    52.3914695,
    13.5127026
  ],
  "Würzburg": [
    49.7780356,
    9.9434769
  ],
  "Ulm": [
    48.3984968,
    9.9912458
  ],
  "Lindau-Wangen": [
    47.61016,
    9.7410461
  ],
  "Rome Fiumicino Airport": [
    41.8153911,
    12.2264848
  ],
  "Regensburg": [
    49.0195333,
    12.0974869
  ],
  "Augsburg": [
    48.3690341,
    10.8979522
  ]
}