{
  "Augsburg": [
    48.3856614,
    10.8812275
  ],
  "Bilbao": [
    43.2630018,
    -2.9350039
  ],
  "Bordeaux": [
    44.841225,
    -0.5800364
  ],
  "Kiel": [
    54.2770668,
    10.1388241
  ],
  "Brussels": [
    50.8445041,
    4.3377236
  ],
  "Karlsruhe": [
    48.9371452,
    8.3767764
  ],
  "Cologne Bonn": [
    50.8677817,
    7.138961
  ],
  "Malmo": [
    55.6052931,
    13.0001566
  ],
  "Constance Aach": [
    47.8106317,
    9.2442945
  ],
  "Madrid": [
    40.3978174,
    -3.5805013
  ],
  "Dresden": [
    51.0864705,
    13.757141
  ],
  "Rotterdam": [
    51.9244424,
    4.47775
  ],
  "Gothenburg": [
    57.658158,
    11.942548
  ],
  "Hamburg": [
    53.5372246,
    10.0777897
  ],
  "Stockholm": [
    59.3251172,
    18.0710935
  ],
  "Heidelberg": [
    49.3967912,
    8.6805478
  ],
  "Paris Airport CDG": [
    49.0068908,
    2.571082
  ],
  "Mainz": [
    50.0078884,
    8.3012132
  ],
  "Milan": [
    45.4641943,
    9.1896346
  ],
  "Hanover": [
    52.3615876,
    9.905546
  ],
  "Munich": [
    48.2044164,
    11.5886607
  ],
  "Barcelona": [
    41.3825802,
    2.177073
  ],
  "Nantes": [
    47.2218935,
    -1.5136913
  ],
  "Lindau Wangen": [
    47.6100463,
    9.7411738
  ],
  "Nice": [
    43.7009358,
    7.2683912
  ],
  "Nuremberg": [
    49.453872,
    11.077298
  ],
  "Regensburg": [
    48.9746379,
    12.1856416
  ],
  "Stuttgart": [
    48.7784485,
    9.1800132
  ],
  "Malaga": [
    36.7264944,
    -4.5420757
  ],
  "Turin": [
    45.1118427,
    7.6753147
  ],
  "Luebeck": [
    53.866444,
    10.684738
  ],
  "Ulm": [
    48.3889286,
    10.0221042
  ],
  "Lyon": [
    45.7578137,
    4.8320114
  ],
  "Vienna South": [
    48.1337384,
    16.2929394
  ],
  "Leipzig": [
    51.35886,
    12.435475
  ],
  "Wuerzburg": [
    49.7337627,
    9.9722675
  ],
  "Lille": [
    50.561378,
    3.040421
  ],
  "Paris South Orly": [
    48.700594,
    2.2872183
  ],
  "Freiburg Basel Germany": [
    48.0317668,
    7.6464051
  ],
  "Geneva Pays de Gex France": [
    46.204021,
    5.960676
  ],
  "Venice": [
    45.4585512,
    12.1744109
  ],
  "Frankfurt": [
    50.1223871,
    8.7566866
  ],
  "Antwerp": [
    51.1785902,
    4.3897927
  ],
  "Graz": [
    47.0370073,
    15.4782369
  ],
  "Aix Marseille": [
    43.3055875,
    5.3786102
  ],
  "Bielefeld": [
    52.0191005,
    8.531007
  ],
  "Toulouse": [
    43.6982483,
    1.4010079
  ],
  "Florence": [
    44.7983651,
    10.3046937
  ],
  "Rome Fiumicino Airport": [
    41.8067049,
    12.3264014
  ],
  "Bergamo": [
    45.7566557,
    9.7542192
  ],
  "Valencia": [
    39.353638,
    -0.474279
  ],
  "Bochum": [
    51.4940524,
    7.318993
  ]
}